time,rps
10,121.7
20,118.8
30,110.48895110489
40,143.485651434857
50,124.687531246875
60,100.789921007899
70,136.386361363864
80,108.589141085891
90,161.7
100,129.5
110,83.8
120,147.9
130,118.588141185881
140,153.5
150,121
160,105.089491050895
170,142.785721427857
