time,rps
10,276.072392760724
20,201.9
30,148.2
40,193.780621937806
50,162.983701629837
60,261.3
70,199.2
80,124.4
90,162.7
100,159.9
110,242.475752424758
120,185.3
130,219.57804219578
140,173.882611738826
150,147.185281471853
160,250.2
170,117.1
